Workbook

Sheet Lisez-moi
A1: ANCIENS DE LOUIS · Comptes (classeur de référence)
A3: Ce classeur est la source des comptes du site. Le site lit ces onglets en direct et y écrit quand on ajoute une dépense.
A5: Editions : une ligne par séjour (id, année, lieu). Ajoutez une ligne pour créer une nouvelle année sur le site.
A6: Depenses : une ligne par dépense. Les trajets sont des dépenses de catégorie Transport, payées par la personne qui a roulé.
A7: Participants : une ligne par personne et par séjour (cotisations versées, participe = 1 ou 0). Les colonnes F à J sont calculées.
A8: Journal : trace automatique de chaque ajout, suppression ou changement fait depuis le site.
A10: Règle de calcul : solde = versé + dépenses avancées − (coût total ÷ nombre de participants). Le « Compte des Anciens » ne crée aucun remboursement.
A11: Solde positif : la personne reçoit de l’argent. Solde négatif : elle doit en verser.
A13: Pour une copie Excel : Fichier > Télécharger > Microsoft Excel (.xlsx).

Sheet Editions
A1: id | B1: annee | C1: lieu
A2: 2026-clermont-ferrand | B2: 2026 | C2: Clermont-Ferrand
A3: 2027 | B3: 2027

Sheet Depenses
A1: id | B1: edition | C1: categorie | D1: libelle | E1: montant | F1: paye_par | G1: date_ajout
A2: s001 | B2: 2026-clermont-ferrand | C2: Transport | D2: Trajet · Olive (Péage direction Clermont) | E2: 64 | F2: Olive
A3: s002 | B3: 2026-clermont-ferrand | C3: Transport | D3: Trajet · Fred | E3: 266 | F3: Fred
A4: s003 | B4: 2026-clermont-ferrand | C4: Transport | D4: Trajet · Christophe (voiture A/R) | E4: 350 | F4: Christophe
A5: s004 | B5: 2026-clermont-ferrand | C5: Transport | D5: Trajet · JC | E5: 164 | F5: JC
A6: s005 | B6: 2026-clermont-ferrand | C6: Nourriture | D6: Bières | E6: 46 | F6: OMR
A7: s006 | B7: 2026-clermont-ferrand | C7: Nourriture | D7: Courses Inter | E7: 15.9 | F7: Maxens
A8: s007 | B8: 2026-clermont-ferrand | C8: Nourriture | D8: Vin 1 | E8: 167 | F8: Maxens
A9: s008 | B9: 2026-clermont-ferrand | C9: Nourriture | D9: Vin 2 | E9: 62.8 | F9: Maxens
A10: s009 | B10: 2026-clermont-ferrand | C10: Nourriture | D10: Courses Inter | E10: 65.09 | F10: Maxens
A11: s010 | B11: 2026-clermont-ferrand | C11: Nourriture | D11: Courses Auchan | E11: 55 | F11: Maxens
A12: s011 | B12: 2026-clermont-ferrand | C12: Nourriture | D12: Courses Leclerc | E12: 139.15 | F12: Maxens
A13: s012 | B13: 2026-clermont-ferrand | C13: Nourriture | D13: Fromage | E13: 127 | F13: Maxens
... A22: s021 | B22: 2026-clermont-ferrand | C22: Nourriture | D22: Pain | E22: 11.2 | F22: Christophe

Sheet Participants
A1: edition | B1: nom | C1: verse | D1: participe | E1: detail | F1: avance | G1: cout_total | H1: nb_participants | I1: part | J1: solde | K1: regle_le | L1: regle_montant
A2: 2026-clermont-ferrand | B2: Maxens | C2: 360 | D2: 1 | E2: 12 × 30 € depuis 01/11 | F2: =IF(A2="","",SUMIFS(Depenses!$E:$E,Depenses!$B:$B,A2,Depenses!$F:$F,B2)) | G2: =IF(A2="","",SUMIFS(Depenses!$E:$E,Depenses!$B:$B,A2)) | H2: =IF(A2="","",COUNTIFS($A:$A,A2,$D:$D,1)) | I2: =IF(A2="","",IF(AND(D2=1,H2>0),G2/H2,0)) | J2: =IF(A2="","",C2+F2-I2)
A3: 2026-clermont-ferrand | B3: Christophe | C3: 0 | D3: 1 | F3: =IF(A3="","",SUMIFS(Depenses!$E:$E,Depenses!$B:$B,A3,Depenses!$F:$F,B3)) | G3: =IF(A3="","",SUMIFS(Depenses!$E:$E,Depenses!$B:$B,A3)) | H3: =IF(A3="","",COUNTIFS($A:$A,A3,$D:$D,1)) | I3: =IF(A3="","",IF(AND(D3=1,H3>0),G3/H3,0)) | J3: =IF(A3="","",C3+F3-I3)
A4: 2026-clermont-ferrand | B4: Olive | C4: 0 | D4: 1 | F4: =IF(A4="","",SUMIFS(Depenses!$E:$E,Depenses!$B:$B,A4,Depenses!$F:$F,B4)) | G4: =IF(A4="","",SUMIFS(Depenses!$E:$E,Depenses!$B:$B,A4)) | H4: =IF(A4="","",COUNTIFS($A:$A,A4,$D:$D,1)) | I4: =IF(A4="","",IF(AND(D4=1,H4>0),G4/H4,0)) | J4: =IF(A4="","",C4+F4-I4)
A5: 2026-clermont-ferrand | B5: Alex | C5: 180 | D5: 1 | E5: 12 × 15 € | F5: =IF(A5="","",SUMIFS(Depenses!$E:$E,Depenses!$B:$B,A5,Depenses!$F:$F,B5)) | G5: =IF(A5="","",SUMIFS(Depenses!$E:$E,Depenses!$B:$B,A5)) | H5: =IF(A5="","",COUNTIFS($A:$A,A5,$D:$D,1)) | I5: =IF(A5="","",IF(AND(D5=1,H5>0),G5/H5,0)) | J5: =IF(A5="","",C5+F5-I5)
A6: 2026-clermont-ferrand | B6: Fred | C6: 180 | D6: 1 | E6: 12 × 15 € depuis 02/11 | F6: =IF(A6="","",SUMIFS(Depenses!$E:$E,Depenses!$B:$B,A6,Depenses!$F:$F,B6)) | G6: =IF(A6="","",SUMIFS(Depenses!$E:$E,Depenses!$B:$B,A6)) | H6: =IF(A6="","",COUNTIFS($A:$A,A6,$D:$D,1)) | I6: =IF(A6="","",IF(AND(D6=1,H6>0),G6/H6,0)) | J6: =IF(A6="","",C6+F6-I6)
A7: 2026-clermont-ferrand | B7: JC | C7: 0 | D7: 1 | F7: =IF(A7="","",SUMIFS(Depenses!$E:$E,Depenses!$B:$B,A7,Depenses!$F:$F,B7)) | G7: =IF(A7="","",SUMIFS(Depenses!$E:$E,Depenses!$B:$B,A7)) | H7: =IF(A7="","",COUNTIFS($A:$A,A7,$D:$D,1)) | I7: =IF(A7="","",IF(AND(D7=1,H7>0),G7/H7,0)) | J7: =IF(A7="","",C7+F7-I7)
A8: 2026-clermont-ferrand | B8: OMR | C8: 600 | D8: 1 | E8: 12 × 50 € | F8: =IF(A8="","",SUMIFS(Depenses!$E:$E,Depenses!$B:$B,A8,Depenses!$F:$F,B8)) | G8: =IF(A8="","",SUMIFS(Depenses!$E:$E,Depenses!$B:$B,A8)) | H8: =IF(A8="","",COUNTIFS($A:$A,A8,$D:$D,1)) | I8: =IF(A8="","",IF(AND(D8=1,H8>0),G8/H8,0)) | J8: =IF(A8="","",C8+F8-I8)
A9: 2026-clermont-ferrand | B9: Vince | C9: 0 | D9: 0 | F9: =IF(A9="","",SUMIFS(Depenses!$E:$E,Depenses!$B:$B,A9,Depenses!$F:$F,B9)) | G9: =IF(A9="","",SUMIFS(Depenses!$E:$E,Depenses!$B:$B,A9)) | H9: =IF(A9="","",COUNTIFS($A:$A,A9,$D:$D,1)) | I9: =IF(A9="","",IF(AND(D9=1,H9>0),G9/H9,0)) | J9: =IF(A9="","",C9+F9-I9)
A10: 2027 | B10: Maxens | C10: 360 | D10: 1 | E10: 12 × 30 € depuis 01/11 | F10: =IF(A10="","",SUMIFS(Depenses!$E:$E,Depenses!$B:$B,A10,Depenses!$F:$F,B10)) | G10: =IF(A10="","",SUMIFS(Depenses!$E:$E,Depenses!$B:$B,A10)) | H10: =IF(A10="","",COUNTIFS($A:$A,A10,$D:$D,1)) | I10: =IF(A10="","",IF(AND(D10=1,H10>0),G10/H10,0)) | J10: =IF(A10="","",C10+F10-I10)
A11: 2027 | B11: Christophe | C11: 0 | D11: 1 | F11: =IF(A11="","",SUMIFS(Depenses!$E:$E,Depenses!$B:$B,A11,Depenses!$F:$F,B11)) | G11: =IF(A11="","",SUMIFS(Depenses!$E:$E,Depenses!$B:$B,A11)) | H11: =IF(A11="","",COUNTIFS($A:$A,A11,$D:$D,1)) | I11: =IF(A11="","",IF(AND(D11=1,H11>0),G11/H11,0)) | J11: =IF(A11="","",C11+F11-I11)
A12: 2027 | B12: Olive | C12: 0 | D12: 1 | F12: =IF(A12="","",SUMIFS(Depenses!$E:$E,Depenses!$B:$B,A12,Depenses!$F:$F,B12)) | G12: =IF(A12="","",SUMIFS(Depenses!$E:$E,Depenses!$B:$B,A12)) | H12: =IF(A12="","",COUNTIFS($A:$A,A12,$D:$D,1)) | I12: =IF(A12="","",IF(AND(D12=1,H12>0),G12/H12,0)) | J12: =IF(A12="","",C12+F12-I12)
A13: 2027 | B13: Alex | C13: 180 | D13: 1 | E13: 12 × 15 € | F13: =IF(A13="","",SUMIFS(Depenses!$E:$E,Depenses!$B:$B,A13,Depenses!$F:$F,B13)) | G13: =IF(A13="","",SUMIFS(Depenses!$E:$E,Depenses!$B:$B,A13)) | H13: =IF(A13="","",COUNTIFS($A:$A,A13,$D:$D,1)) | I13: =IF(A13="","",IF(AND(D13=1,H13>0),G13/H13,0)) | J13: =IF(A13="","",C13+F13-I13)
A14: 2027 | B14: Fred | C14: 180 | D14: 1 | E14: 12 × 15 € depuis 02/11 | F14: =IF(A14="","",SUMIFS(Depenses!$E:$E,Depenses!$B:$B,A14,Depenses!$F:$F,B14)) | G14: =IF(A14="","",SUMIFS(Depenses!$E:$E,Depenses!$B:$B,A14)) | H14: =IF(A14="","",COUNTIFS($A:$A,A14,$D:$D,1)) | I14: =IF(A14="","",IF(AND(D14=1,H14>0),G14/H14,0)) | J14: =IF(A14="","",C14+F14-I14)
A15: 2027 | B15: JC | C15: 0 | D15: 1 | F15: =IF(A15="","",SUMIFS(Depenses!$E:$E,Depenses!$B:$B,A15,Depenses!$F:$F,B15)) | G15: =IF(A15="","",SUMIFS(Depenses!$E:$E,Depenses!$B:$B,A15)) | H15: =IF(A15="","",COUNTIFS($A:$A,A15,$D:$D,1)) | I15: =IF(A15="","",IF(AND(D15=1,H15>0),G15/H15,0)) | J15: =IF(A15="","",C15+F15-I15)
A16: 2027 | B16: OMR | C16: 600 | D16: 1 | E16: 12 × 50 € | F16: =IF(A16="","",SUMIFS(Depenses!$E:$E,Depenses!$B:$B,A16,Depenses!$F:$F,B16)) | G16: =IF(A16="","",SUMIFS(Depenses!$E:$E,Depenses!$B:$B,A16)) | H16: =IF(A16="","",COUNTIFS($A:$A,A16,$D:$D,1)) | I16: =IF(A16="","",IF(AND(D16=1,H16>0),G16/H16,0)) | J16: =IF(A16="","",C16+F16-I16)
A17: 2027 | B17: Vince | C17: 530 | D17: 1 | E17: (50 euros le 3 octobre + 40 les mois suivants (12x40+50) | F17: =IF(A17="","",SUMIFS(Depenses!$E:$E,Depenses!$B:$B,A17,Depenses!$F:$F,B17)) | G17: =IF(A17="","",SUMIFS(Depenses!$E:$E,Depenses!$B:$B,A17)) | H17: =IF(A17="","",COUNTIFS($A:$A,A17,$D:$D,1)) | I17: =IF(A17="","",IF(AND(D17=1,H17>0),G17/H17,0)) | J17: =IF(A17="","",C17+F17-I17)
F18: =IF(A18="","",SUMIFS(Depenses!$E:$E,Depenses!$B:$B,A18,Depenses!$F:$F,B18)) | G18: =IF(A18="","",SUMIFS(Depenses!$E:$E,Depenses!$B:$B,A18)) | H18: =IF(A18="","",COUNTIFS($A:$A,A18,$D:$D,1)) | I18: =IF(A18="","",IF(AND(D18=1,H18>0),G18/H18,0)) | J18: =IF(A18="","",C18+F18-I18)
F19: =IF(A19="","",SUMIFS(Depenses!$E:$E,Depenses!$B:$B,A19,Depenses!$F:$F,B19)) | G19: =IF(A19="","",SUMIFS(Depenses!$E:$E,Depenses!$B:$B,A19)) | H19: =IF(A19="","",COUNTIFS($A:$A,A19,$D:$D,1)) | I19: =IF(A19="","",IF(AND(D19=1,H19>0),G19/H19,0)) | J19: =IF(A19="","",C19+F19-I19)
F20: =IF(A20="","",SUMIFS(Depenses!$E:$E,Depenses!$B:$B,A20,Depenses!$F:$F,B20)) | G20: =IF(A20="","",SUMIFS(Depenses!$E:$E,Depenses!$B:$B,A20)) | H20: =IF(A20="","",COUNTIFS($A:$A,A20,$D:$D,1)) | I20: =IF(A20="","",IF(AND(D20=1,H20>0),G20/H20,0)) | J20: =IF(A20="","",C20+F20-I20)
F21: =IF(A21="","",SUMIFS(Depenses!$E:$E,Depenses!$B:$B,A21,Depenses!$F:$F,B21)) | G21: =IF(A21="","",SUMIFS(Depenses!$E:$E,Depenses!$B:$B,A21)) | H21: =IF(A21="","",COUNTIFS($A:$A,A21,$D:$D,1)) | I21: =IF(A21="","",IF(AND(D21=1,H21>0),G21/H21,0)) | J21: =IF(A21="","",C21+F21-I21)
F22: =IF(A22="","",SUMIFS(Depenses!$E:$E,Depenses!$B:$B,A22,Depenses!$F:$F,B22)) | G22: =IF(A22="","",SUMIFS(Depenses!$E:$E,Depenses!$B:$B,A22)) | H22: =IF(A22="","",COUNTIFS($A:$A,A22,$D:$D,1)) | I22: =IF(A22="","",IF(AND(D22=1,H22>0),G22/H22,0)) | J22: =IF(A22="","",C22+F22-I22)
F23: =IF(A23="","",SUMIFS(Depenses!$E:$E,Depenses!$B:$B,A23,Depenses!$F:$F,B23)) | G23: =IF(A23="","",SUMIFS(Depenses!$E:$E,Depenses!$B:$B,A23)) | H23: =IF(A23="","",COUNTIFS($A:$A,A23,$D:$D,1)) | I23: =IF(A23="","",IF(AND(D23=1,H23>0),G23/H23,0)) | J23: =IF(A23="","",C23+F23-I23)
F24: =IF(A24="","",SUMIFS(Depenses!$E:$E,Depenses!$B:$B,A24,Depenses!$F:$F,B24)) | G24: =IF(A24="","",SUMIFS(Depenses!$E:$E,Depenses!$B:$B,A24)) | H24: =IF(A24="","",COUNTIFS($A:$A,A24,$D:$D,1)) | I24: =IF(A24="","",IF(AND(D24=1,H24>0),G24/H24,0)) | J24: =IF(A24="","",C24+F24-I24)
F25: =IF(A25="","",SUMIFS(Depenses!$E:$E,Depenses!$B:$B,A25,Depenses!$F:$F,B25)) | G25: =IF(A25="","",SUMIFS(Depenses!$E:$E,Depenses!$B:$B,A25)) | H25: =IF(A25="","",COUNTIFS($A:$A,A25,$D:$D,1)) | I25: =IF(A25="","",IF(AND(D25=1,H25>0),G25/H25,0)) | J25: =IF(A25="","",C25+F25-I25)
F26: =IF(A26="","",SUMIFS(Depenses!$E:$E,Depenses!$B:$B,A26,Depenses!$F:$F,B26)) | G26: =IF(A26="","",SUMIFS(Depenses!$E:$E,Depenses!$B:$B,A26)) | H26: =IF(A26="","",COUNTIFS($A:$A,A26,$D:$D,1)) | I26: =IF(A26="","",IF(AND(D26=1,H26>0),G26/H26,0)) | J26: =IF(A26="","",C26+F26-I26)
F27: =IF(A27="","",SUMIFS(Depenses!$E:$E,Depenses!$B:$B,A27,Depenses!$F:$F,B27)) | G27: =IF(A27="","",SUMIFS(Depenses!$E:$E,Depenses!$B:$B,A27)) | H27: =IF(A27="","",COUNTIFS($A:$A,A27,$D:$D,1)) | I27: =IF(A27="","",IF(AND(D27=1,H27>0),G27/H27,0)) | J27: =IF(A27="","",C27+F27-I27)
F28: =IF(A28="","",SUMIFS(Depenses!$E:$E,Depenses!$B:$B,A28,Depenses!$F:$F,B28)) | G28: =IF(A28="","",SUMIFS(Depenses!$E:$E,Depenses!$B:$B,A28)) | H28: =IF(A28="","",COUNTIFS($A:$A,A28,$D:$D,1)) | I28: =IF(A28="","",IF(AND(D28=1,H28>0),G28/H28,0)) | J28: =IF(A28="","",C28+F28-I28)
F29: =IF(A29="","",SUMIFS(Depenses!$E:$E,Depenses!$B:$B,A29,Depenses!$F:$F,B29)) | G29: =IF(A29="","",SUMIFS(Depenses!$E:$E,Depenses!$B:$B,A29)) | H29: =IF(A29="","",COUNTIFS($A:$A,A29,$D:$D,1)) | I29: =IF(A29="","",IF(AND(D29=1,H29>0),G29/H29,0)) | J29: =IF(A29="","",C29+F29-I29)
... F300: =IF(A300="","",SUMIFS(Depenses!$E:$E,Depenses!$B:$B,A300,Depenses!$F:$F,B300)) | G300: =IF(A300="","",SUMIFS(Depenses!$E:$E,Depenses!$B:$B,A300)) | H300: =IF(A300="","",COUNTIFS($A:$A,A300,$D:$D,1)) | I300: =IF(A300="","",IF(AND(D300=1,H300>0),G300/H300,0)) | J300: =IF(A300="","",C300+F300-I300)

Sheet Journal
A1: date | B1: action | C1: detail
